URL,Email,Industry,Business Type,Confidence,Relevance Reason,Contact Person
https://www.expertise.com/business/digital-marketing-agencies/texas/austin,info@expertise.com,Marketing/Advertising (General),Agency,0.0,"The listed industry, 'Marketing/Advertising (General),' is highly relevant to the target niche of General B2B.",Unknown
https://www.expertise.com/business/digital-marketing-agencies/texas/austin,u003einfo@expertise.com,Marketing/Advertising (General),Agency,0.0,"The listed industry, 'Marketing/Advertising (General),' is highly relevant to the target niche of General B2B.",Unknown
https://www.expertise.com/business/digital-marketing-agencies/texas/austin,dca@dca.ca.gov,Marketing/Advertising (General),Agency,0.0,"The listed industry, 'Marketing/Advertising (General),' is highly relevant to the target niche of General B2B.",Unknown
https://www.expertise.com/business/digital-marketing-agencies/texas/austin,legal@expertise.com,Marketing/Advertising (General),Agency,0.0,"The listed industry, 'Marketing/Advertising (General),' is highly relevant to the target niche of General B2B.",Unknown
