URL,Email
"https://www.dice.com/jobs/q-Software%20engineer-l-Austin,%20TX-jobs",security@dice.com
"https://www.dice.com/jobs/q-Software%20engineer-l-Austin,%20TX-jobs",termsofuse@dice.com
"https://www.dice.com/jobs/q-Software%20engineer-l-Austin,%20TX-jobs",legal@dhigroupinc.com
"https://www.dice.com/jobs/q-Software%20engineer-l-Austin,%20TX-jobs",support@dice.com
"https://www.dice.com/jobs/q-Software%20engineer-l-Austin,%20TX-jobs",contractrequest@dhigroupinc.com
"https://www.dice.com/jobs/q-Software%20engineer-l-Austin,%20TX-jobs",dpo@dice.com
https://builtin.com/salaries/us/austin-tx/software-engineer,brooke.becher@builtin.com
https://www.schwabjobs.com/employment/austin-texas-united-states-engineering-and-software-development-jobs/27326/8421664/6252001-4736286-4737316-4671654/4,applicantaccessibility@schwab.com
https://www.zippia.com/software-engineer-austin-tx-jobs/,ajay.k@sitwinc.com
https://www.zippia.com/software-engineer-austin-tx-jobs/,sales@zippia.com
https://www.zippia.com/software-engineer-austin-tx-jobs/,sureshp@vmcsofttech.com
https://www.zippia.com/software-engineer-austin-tx-jobs/,support@zippia.com
https://www.zippia.com/software-engineer-austin-tx-jobs/,legal@pinnacle1.com
https://www.zippia.com/software-engineer-austin-tx-jobs/,hassan@axiomrecruit.com
https://www.austintexas.gov/services/apply-city-job,austincityjobs@austintexas.gov
https://www.levels.fyi/t/software-engineer/locations/greater-austin-area,john.doe@gmail.com
https://www.levels.fyi/t/software-engineer/locations/greater-austin-area,team@levels.fyi
