URL,Emails
https://binary-studio.com/custom-software-development-austin/,ask@binary-studio.com
https://www.expertise.com/business/software-development/texas/austin,info@expertise.com
https://texassoftware.com/,texassoftwarebusinessdevelopmentteam@texassoftware.com
https://www.f6s.com/companies/software/united-states/texas/austin/co,support@f6s.com
https://powergatesoftware.com/tech-blog/software-companies-in-austin/,"us@powergatesoftware.com,au@powergatesoftware.com,uk@powergatesoftware.com,contact@powergatesoftware.com,ca@powergatesoftware.com"
https://kodexolabs.com/locations/custom-software-development-austin-tx/,contact@kodexolabs.com
