URL,Emails
https://texassoftware.com/,texassoftwarebusinessdevelopmentteam@texassoftware.com
https://www.f6s.com/companies/software/united-states/texas/austin/co,support@f6s.com
https://binary-studio.com/custom-software-development-austin/,ask@binary-studio.com
https://www.syberry.com/,"you@company.com,contact@syberry.com"
https://kodexolabs.com/locations/custom-software-development-austin-tx/,contact@kodexolabs.com
https://powergatesoftware.com/tech-blog/software-companies-in-austin/,"uk@powergatesoftware.com,contact@powergatesoftware.com,ca@powergatesoftware.com,us@powergatesoftware.com,au@powergatesoftware.com"
