URL,Email,Industry,Business Type,Confidence,Relevance Reason,Contact Person
https://terrahq.com/locations/austin/,hello@terrahq.com,,,,,
https://www.flyingvgroup.com/austin-digital-marketing-agency/,info@flyingvgroup.com,,,,,
https://www.geekpoweredstudios.com/digital-marketing-services,support@geekpoweredstudios.com,"Digital Marketing Agency (Full-Service, focused on SEO, PPC, and Web Design)",Agency (B2B),1.0,"The company is explicitly a B2B service agency providing digital marketing and web services (SEO, PPC, Web Design) to other businesses (both local and enterprise), fitting perfectly within the General B2B target niche.",Guillermo Ortiz (Founder)
https://allegiantdigital.com/,flags@2x.webp,,,,,
https://allegiantdigital.com/,globe@2x.webp,,,,,
https://allegiantdigital.com/,info@allegiantdigital.com,,,,,
https://thelyst.com/,contact@thelyst.com,,,,,
https://thriveagency.com/austin-digital-marketing-agency/,sales@thriveagency.com,,,,,
https://www.mightycitizen.com/,hello@mightycitizen.com,,,,,
https://mcj.co/,say.hi@mcj.co,,,,,
https://mcj.co/,growth@mcj.co,,,,,
https://hmgcreative.com/,hello@hmgcreative.com,,,,,
https://www.ama.org/marketing-news/comprehensive-guide-to-sales-and-marketing-strategies/,marketing@seedx.us,,,,,
https://newmedia.com/austin-digital-marketing-agency,hello@newmedia.com,,,,,
https://newmedia.com/austin-digital-marketing-agency,support@newmedia.com,,,,,
https://newmedia.com/austin-digital-marketing-agency,info@newmedia.com,,,,,
https://ddiy.co/digital-marketing-austin/,geoff@ddiy.co,,,,,
https://ddiy.co/digital-marketing-austin/,claire@ddiy.co,,,,,
https://www.designity.com/blog/best-digital-marketing-agencies-in-austin,support@designity.com,,,,,
https://www.designity.com/blog/best-digital-marketing-agencies-in-austin,roseanne@designity.com,,,,,
https://www.ama.org/marketing-industry-stats-and-information/,agwiazdowski@ama.org,,,,,
https://wickmarketing.com/,info@wickmarketing.com,,,,,
