URL,Email,Industry,Business Type,Confidence,Relevance Reason,Contact Person
https://www.houzz.com/professionals/interior-designer/austin-tx-us-probr0-bo~t_11785~r_4671654,forwarding@pro.houzz.com,,,,,
https://daley-home.com/,hello@daley-home.com,,,,,
https://daley-home.com/,hello@daleyhomedesign.com,,,,,
https://www.housebeautiful.com/design-inspiration/g41613197/types-of-interior-design-styles/,unknown@hearst.com,,,,,
https://interiorarchitects.com/find-ia/austin/,hello@interiorarchitects.com,Commercial Interior Architecture and Design,B2B (Professional Services Firm),1.0,"The business is a professional services firm (interior architecture and design) that caters primarily to other businesses (commercial clients, B2B sector).",Stephanie Long (Managing Director)
https://interiorarchitects.com/find-ia/austin/,s.long@interiorarchitects.com,Commercial Interior Architecture and Design,B2B (Professional Services Firm),1.0,"The business is a professional services firm (interior architecture and design) that caters primarily to other businesses (commercial clients, B2B sector).",Stephanie Long (Managing Director)
https://www.bobvila.com/category/interior/,licensing@recurrent.io,,,,,
https://www.bobvila.com/category/interior/,pr@recurrent.io,,,,,
https://www.bobvila.com/category/interior/,contact@bobvila.com,,,,,
https://www.bobvila.com/category/interior/,advertising@recurrent.io,,,,,
https://kellecontine.com/team,info@kellecontine.com,,,,,
https://kellecontine.com/team,mackenzie@kellecontine.com,,,,,
https://www.audreyscheckdesign.com/,hayley.antonian@scenariopr.com,,,,,
https://interiordesign.net/,halloffame@interiordesign.net,,,,,
https://interiordesign.net/,%20please%20email%20awards@interiordesign.net,,,,,
https://www.livingoak.com/,example@mysite.com,,,,,
