URL,Email,Industry,Business Type,Confidence,Relevance Reason
https://www.levels.fyi/t/software-engineer/locations/greater-austin-area,team@levels.fyi,HR Technology / Compensation Data,Hybrid,1.0,"The business operates by tracking salary and career information for professionals, specifically 'Software Engineers,' who are the primary workforce within the Software Development niche."
https://www.levels.fyi/t/software-engineer/locations/greater-austin-area,john.doe@gmail.com,HR Technology / Compensation Data,Hybrid,1.0,"The business operates by tracking salary and career information for professionals, specifically 'Software Engineers,' who are the primary workforce within the Software Development niche."
https://www.meetup.com/austin-software-engineers-developers/,mhutton@cybersecuritysummit.com,Community / Technology,B2C,1.0,The group's explicit focus is on connecting and educating 'software engineers and app developers' about 'software & app development' and related topics.
https://www.meetup.com/austin-software-engineers-developers/,organizers@bostonnewtechnology.com,Community / Technology,B2C,1.0,The group's explicit focus is on connecting and educating 'software engineers and app developers' about 'software & app development' and related topics.
https://www.meetup.com/austin-software-engineers-developers/,franki.rosenthal@cyberriskalliance.com,Community / Technology,B2C,1.0,The group's explicit focus is on connecting and educating 'software engineers and app developers' about 'software & app development' and related topics.
