URL,Email,Industry,Business Type,Confidence,Relevance Reason,Contact Person
https://www.ama.org/marketing-news/top-10-digital-marketing-strategies-for-2025/,marketing@seedx.us,Professional Membership Organization / Marketing Education,Non-profit Professional Association,1.0,"The content focuses on digital marketing strategies (SEO, PPC, AI, automation) for 2025, which are core topics for B2B operations and professional development.",Unknown
https://www.ama.org/marketing-news/top-10-digital-marketing-strategies-for-2025/,achilders@ama.org,Professional Membership Organization / Marketing Education,Non-profit Professional Association,1.0,"The content focuses on digital marketing strategies (SEO, PPC, AI, automation) for 2025, which are core topics for B2B operations and professional development.",Unknown
https://www.ama.org/ama-member-benefits/,customersupport@ama.org,Professional Membership and Marketing Education,Professional Membership Organization / Non-Profit (Serving B2C individuals and B2B groups),1.0,"The organization's mission centers on professional development and providing resources (research, training, conferences, toolkits) that are directly utilized by B2B marketing professionals and teams (as evidenced by the 'Group Membership' option and focus on career advancement).",Unknown
https://yourmarketingpeople.com/,resize_numi-logo_2x_b90ac227-e12c-4cdd-b57b-f81633f45e50_80x@2x.webp,,,,,
https://yourmarketingpeople.com/,team@yourmarketingpeople.com,,,,,
https://www.flyingvgroup.com/top-marketing-agency-california/,info@flyingvgroup.com,"Digital Marketing Agency (Specializing in Local SEO, PPC, and Web Design)","Agency (B2B/B2C hybrid, focused on local business growth)",1.0,"The core business model is marketing and advertising services directly to other businesses (B2B), aligning perfectly with the general B2B niche context.",Ryan O'Neill (Senior Digital Strategist)
https://www.bluelinks.agency/digital-marketing/listicles/digital-marketing-agencies-in-california/,ask@bluelinks.agency,,,,,
https://agencies.semrush.com/list/california/,email@example.com,Digital Marketing Agency Directory,B2B Platform / SaaS,1.0,"The platform directly facilitates B2B transactions by connecting clients (businesses) with service providers (agencies) specializing in marketing, which is highly relevant to the General B2B niche.",Unknown
https://agencies.semrush.com/list/california/,mail@semrush.com,Digital Marketing Agency Directory,B2B Platform / SaaS,1.0,"The platform directly facilitates B2B transactions by connecting clients (businesses) with service providers (agencies) specializing in marketing, which is highly relevant to the General B2B niche.",Unknown
https://agencies.semrush.com/list/california/,agencies@semrush.com,Digital Marketing Agency Directory,B2B Platform / SaaS,1.0,"The platform directly facilitates B2B transactions by connecting clients (businesses) with service providers (agencies) specializing in marketing, which is highly relevant to the General B2B niche.",Unknown
https://thriveagency.com/los-angeles-digital-marketing-agency/,sales@thriveagency.com,"Digital Marketing Agency (Full-Service, specializing in SEO, PPC, Web Design, Social Media, and Content Marketing)",Agency (B2B),1.0,"The business operates as a B2B digital marketing agency, providing core marketing services essential for most businesses operating in the B2B sector.",Matt Bowman (Founder)
https://www.formulamarketingsd.com/,hello@formulamarketingsd.com,"Digital Marketing Agency (Full-Service, specializing in SEO, Web Design, Social Media Management, PPC, and Public Relations)","Agency (B2B focused, serving various sectors including hospitality)",1.0,"The company is a digital marketing agency providing B2B services (SEO, advertising, web development, consulting) which is highly relevant to the general B2B target niche. Their services are designed to help other businesses grow.",Unknown
https://www.ama.org/marketing-industry-stats-and-information/,agwiazdowski@ama.org,Professional and Trade Association / Marketing Education and Research,Non-profit Professional Association (B2B/B2C hybrid services),1.0,"The AMA provides essential resources, research (like the CMO Survey which segments B2B data), training, and professional development targeted at marketing professionals and executives who operate within the General B2B ecosystem. It also offers corporate training and strategic partnerships.",Unknown
https://454creative.com/,hello@454creative.com,,,,,
https://www.designity.com/blog/top-advertising-agencies-in-california,support@designity.com,Creative-as-a-Service (CaaS) / Virtual Creative and Marketing Agency,B2B (CaaS Platform),1.0,"Designity provides Creative-as-a-Service (CaaS) solutions which are critical for B2B marketing, content creation, branding, and digital advertising efforts.",Sara Lopez (Author)
https://www.designity.com/blog/top-advertising-agencies-in-california,roseanne@designity.com,Creative-as-a-Service (CaaS) / Virtual Creative and Marketing Agency,B2B (CaaS Platform),1.0,"Designity provides Creative-as-a-Service (CaaS) solutions which are critical for B2B marketing, content creation, branding, and digital advertising efforts.",Sara Lopez (Author)
https://inbeat.agency/blog/top-marketing-agencies-los-angeles,hello@inbeat.agency,,,,,
