URL,Email,Industry,Business Type,Confidence,Relevance Reason,Contact Person
https://improvado.io/blog/best-marketing-agencies-los-angeles,example@email.com,Marketing Analytics and Data Integration Software (SaaS),SaaS (B2B),1.0,"Improvado's primary customer base includes marketing agencies and enterprise marketing departments, making it a B2B SaaS platform highly relevant to the general B2B niche.","Hailey Friedman (Co-Founder & CEO, Growth Marketing Pro, formerly Head of Marketing at Improvado)"
https://improvado.io/blog/best-marketing-agencies-los-angeles,info@improvado.io,Marketing Analytics and Data Integration Software (SaaS),SaaS (B2B),1.0,"Improvado's primary customer base includes marketing agencies and enterprise marketing departments, making it a B2B SaaS platform highly relevant to the general B2B niche.","Hailey Friedman (Co-Founder & CEO, Growth Marketing Pro, formerly Head of Marketing at Improvado)"
https://www.spicytribe.com/,2062d0a4929b45348643784b5cb39c36@sentry.wixpress.com,,,,,
https://www.spicytribe.com/,18d2f96d279149989b95faf0a4b41882@sentry-next.wixpress.com,,,,,
https://www.spicytribe.com/,hi@spicytribe.com,,,,,
https://www.spicytribe.com/,5d1795a2db124a268f1e1bd88f503500@sentry.wixpress.com,,,,,
https://www.spicytribe.com/,605a7baede844d278b89dc95ae0a9123@sentry-next.wixpress.com,,,,,
https://www.spicytribe.com/,8eb368c655b84e029ed79ad7a5c1718e@sentry.wixpress.com,,,,,
https://colablosangeles.com/,hello@colabarmy.com,,,,,
https://www.ama.org/ama-member-benefits/,customersupport@ama.org,"Marketing Professional Development, Education, and Networking (Non-profit Association)",B2P (Business-to-Professional/Member) / NPO (Non-Profit Organization),1.0,"The AMA provides essential resources and a professional community for marketers, which is directly relevant to the B2B niche as B2B organizations rely heavily on effective marketing strategies, professional development, and networking opportunities for their marketing staff.",Unknown
https://www.ama.org/ama-member-benefits/,achilders@ama.org,"Marketing Professional Development, Education, and Networking (Non-profit Association)",B2P (Business-to-Professional/Member) / NPO (Non-Profit Organization),1.0,"The AMA provides essential resources and a professional community for marketers, which is directly relevant to the B2B niche as B2B organizations rely heavily on effective marketing strategies, professional development, and networking opportunities for their marketing staff.",Unknown
https://www.edvido.com/digital-marketing-agencies/los-angeles,info@zupo.co,,,,,
https://www.edvido.com/digital-marketing-agencies/los-angeles,business@wvelabs.com,,,,,
https://www.edvido.com/digital-marketing-agencies/los-angeles,sales@fannit.com,,,,,
https://www.edvido.com/digital-marketing-agencies/los-angeles,367d65255d12e17ac8e14646b684cda8@o4509014381756416.ingest.us.sentry.io,,,,,
https://www.edvido.com/digital-marketing-agencies/los-angeles,info@weberous.com,,,,,
https://www.edvido.com/digital-marketing-agencies/los-angeles,allen@nobledigital.com,,,,,
https://www.edvido.com/digital-marketing-agencies/los-angeles,info@edvido.com,,,,,
https://www.edvido.com/digital-marketing-agencies/los-angeles,user@domain.com,,,,,
https://www.edvido.com/digital-marketing-agencies/los-angeles,username@example.com,,,,,
https://www.edvido.com/digital-marketing-agencies/los-angeles,hello@devenup.com,,,,,
https://www.edvido.com/digital-marketing-agencies/los-angeles,info@firecrackerpr.com,,,,,
https://www.edvido.com/digital-marketing-agencies/los-angeles,hello@seedx.us,,,,,
https://sociallypowerful.com/post/top-social-media-marketing-agencies-los-angeles,usa@sociallypowerful.com,,,,,
https://sociallypowerful.com/post/top-social-media-marketing-agencies-los-angeles,tellmemore@sociallypowerful.com,,,,,
https://sociallypowerful.com/post/top-social-media-marketing-agencies-los-angeles,asia@sociallypowerful.com,,,,,
https://sociallypowerful.com/post/top-social-media-marketing-agencies-los-angeles,mena@sociallypowerful.com,,,,,
https://www.rpa.com/,press@rpa.com,,,,,
https://www.rpa.com/,jobs@rpa.com,,,,,
https://www.rpa.com/,info@rpa.com,,,,,
https://www.rpa.com/,business@rpa.com,,,,,
https://www.rpa.com/,usatinfo@rpa.com,,,,,
https://www.rpa.com/,hello@rpa.com,,,,,
https://deviatelabs.com/resources/the-10-best-digital-marketing-agencies-in-la-in-2025/,hq@saltedstone.com,,,,,
https://deviatelabs.com/resources/the-10-best-digital-marketing-agencies-in-la-in-2025/,hello@deviatelabs.com,,,,,
https://deviatelabs.com/resources/the-10-best-digital-marketing-agencies-in-la-in-2025/,u003ehello@deviatelabs.com,,,,,
https://deviatelabs.com/resources/the-10-best-digital-marketing-agencies-in-la-in-2025/,u003ehq@saltedstone.com,,,,,
https://inbeat.agency/blog/top-marketing-agencies-los-angeles,hello@inbeat.agency,,,,,
