URL,Email,Industry,Business Type,Confidence,Relevance Reason,Contact Person
https://www.shopfoodemporium.com/,tappsmain@yahoo.com,,,,,
https://www.shopfoodemporium.com/,cd64ba1f47df485bba2b0076c0dd3b25@sentry.wixpress.com,,,,,
https://www.shopfoodemporium.com/,catering@shopfoodemporium.com,,,,,
https://www.mortonwilliams.com/,9a65e97ebe8141fca0c4fd686f70996b@sentry.wixpress.com,,,,,
https://www.mortonwilliams.com/,8c4075d5481d476e945486754f783364@sentry.io,,,,,
https://www.westernbeef.com,79baaa8e09c746d2b7401643b99792e0@sentry.wixpress.com,,,,,
