URL,Email,Industry,Business Type,Confidence,Relevance Reason,Contact Person
https://interiorarchitects.com/find-ia/austin/,hello@interiorarchitects.com,,,,,
https://interiorarchitects.com/find-ia/austin/,s.long@interiorarchitects.com,,,,,
https://www.winlanddesigns.com/,emilee@winlanddesigns.com,,,,,
https://www.architecturaldigest.com/story/best-austin-interior-designers-on-the-ad-pro-directory,u003eadprosupport@archdigest.com,,,,,
https://www.architecturaldigest.com/story/best-austin-interior-designers-on-the-ad-pro-directory,help@newyorker.com,,,,,
https://images.unsplash.com/photo-1760386129141-4b205f88c43c?crop=entropy&cs=tinysrgb&fit=max&fm=jpg&ixlib=rb-4.1.0&q=80&w=1080,em@6.bpf,,,,,
https://images.unsplash.com/photo-1760386129141-4b205f88c43c?crop=entropy&cs=tinysrgb&fit=max&fm=jpg&ixlib=rb-4.1.0&q=80&w=1080,cq@21b.ft,,,,,
https://i.pinimg.com/originals/2b/54/c6/2b54c63d72ad445885c50ffaee705b21.jpg,m@dly.en,,,,,
